TrackName,count
2 Minutes To Midnight,13
Wrathchild,12
The Trooper,12
The Number Of The Beast,12
Iron Maiden,12
Hallowed Be Thy Name,12
Fear Of The Dark,11
The Evil That Men Do,10
Sanctuary,10
Running Free,10
Wasting Love,9
Tailgunner,9
Release,9
From Here To Eternity,9
Be Quick Or Be Dead,9
Afraid To Shoot Strangers,9
The Clairvoyant,8
Midnight,8
Intro,8
Heaven Can Wait,8
Can I Play With Madness,8
Believe,8
Whole Lotta Love,7
War Pigs,7
Stairway To Heaven,7
Snowblind,7
Smoke On The Water,7
Smells Like Teen Spirit,7
Sampa,7
Run To The Hills,7
Lithium,7
I Can't Quit You Baby,7
Enter Sandman,7
Drain You,7
Daughter,7
Collision,7
You Got Me Rocking,6
Without You,6
Wherever I May Roam,6
Where Eagles Dare,6
Um Amor Puro,6
The Unforgiven,6
Terra,6
Temptation,6
Sweetest Thing,6
Sure Know Something,6
She,6
Sad But True,6
Revelations,6
Que País É Este,6
Psychopomp,6
Polly,6
Plaster Caster,6
Perfect,6
Once,6
N.I.B.,6
Master Of Puppets,6
Manguetown,6
Layla,6
King For A Day,6
Helpless,6
Goin' Blind,6
Go,6
Elderly Woman Behind The Counter In A Small Town,6
Drão,6
Do You Love Me,6
Dezesseis,6
Creeping Death,6
Breed,6
Breakfast In Bed,6
Black,6
Beth,6
Banditismo Por Uma Questa,6
Babylon,6
Animal,6
Angel,6
Acelerou,6
Your Time Is Gonna Come,5
You Shook Me,5
When Love Comes To Town,5
"Wellington's Victory or the Battle Symphony, Op.91: 2. Symphony of Triumph",5
Welcome Home (Sanitarium),5
Untitled,5
Um Jantar Pra Dois,5
"Turandot, Act III, Nessun dorma!",5
"Toccata and Fugue in D Minor, BWV 565: I. Toccata",5
The Wizard,5
"The Messiah: Behold, I Tell You a Mystery... The Trumpet Shall Sound",5
The Clansman,5
That's The Way,5
Thank You,5
Tendo A Lua,5
Symphony No.5 in C Minor: I. Allegro con brio,5
"Symphony No. 41 in C Major, K. 551, ""Jupiter"": IV. Molto allegro",5
"Symphony No. 3 Op. 36 for Orchestra and Soprano ""Symfonia Piesni Zalosnych"" \ Lento E Largo - Tranquillissimo",5
Symphony No. 2: III. Allegro vivace,5
"Symphonie Fantastique, Op. 14: V. Songe d'une nuit du sabbat",5
Surrender,5
Sunday Bloody Sunday,5
"Suite for Solo Cello No. 1 in G Major, BWV 1007: I. Prélude",5
"Suite No. 3 in D, BWV 1068: III. Gavotte I & II",5
Solomon HWV 67: The Arrival of the Queen of Sheba,5
So What,5
Slither,5
Sing Joyfully,5
Since I've Been Loving You,5
Silver And Gold,5
Sign Of The Cross,5
Selvagem,5
"Scheherazade, Op. 35: I. The Sea and Sindbad's Ship",5
Romeo et Juliette: No. 11 - Danse des Chevaliers,5
Rock And Roll All Nite,5
Remember Tomorrow,5
Realidade Virtual,5
Radio Song,5
Prowler,5
Primavera,5
Pride (In The Name Of Love),5
Pini Di Roma (Pinien Von Rom) \ I Pini Della Via Appia,5
"Piano Sonata No. 14 in C Sharp Minor, Op. 27, No. 2, ""Moonlight"": I. Adagio sostenuto",5
Pensamento,5
"Partita in E Major, BWV 1006A: I. Prelude",5
Paranoid,5
Overkill,5
One,5
Onde Você Mora?,5
On the Beautiful Blue Danube,5
O Erê,5
O Descobridor Dos Sete Mares,5
"Nimrod (Adagio) from Variations On an Original Theme, Op. 36 ""Enigma""",5
New Year's Day,5
"Nabucco: Chorus, ""Va, Pensiero, Sull'ali Dorate""",5
My World,5
"Music for the Royal Fireworks, HWV351 (1749): La Réjouissance",5
Money,5
"Miserere mei, Deus",5
Meu Erro,5
"Metopes, Op. 29: Calypso",5
Low,5
Linha Do Equador,5
Landslide,5
"Lamentations of Jeremiah, First Set \ Incipit Lamentatio",5
Koyaanisqatsi,5
Killers,5
"Karelia Suite, Op.11: 2. Ballade (Tempo Di Menuetto)",5
"Jupiter, the Bringer of Jollity",5
Intoitus: Adorate Deum,5
Immigrant Song,5
I Don't Know,5
How Many More Times,5
Heartbreaker,5
Harvester Of Sorrow,5
Gypsy,5
Gostava Tanto De Você,5
Good Golly Miss Molly,5
Gone,5
Going To California,5
Garota De Ipanema,5
Flying High Again,5
Firmamento,5
Fantasia On Greensleeves,5
"Die Zauberflöte, K.620: ""Der Hölle Rache Kocht in Meinem Herze""",5
Die Walküre: The Ride of the Valkyries,5
Desire,5
Dazed and Confused,5
Dazed And Confused,5
"Das Lied Von Der Erde, Von Der Jugend",5
Crazy Train,5
"Concerto for Violin, Strings and Continuo in G Major, Op. 3, No. 9: I. Allegro",5
"Concerto for Piano No. 2 in F Minor, Op. 21: II. Larghetto",5
Communication Breakdown,5
Comin' Home,5
Cavalleria Rusticana \ Act \ Intermezzo Sinfonico,5
Carolina,5
Carmina Burana: O Fortuna,5
Carmen: Overture,5
Caleidoscópio,5
Black Sabbath,5
Black Dog,5
Before You Accuse Me,5
Ave Maria,5
"Aria Mit 30 Veränderungen, BWV 988 ""Goldberg Variations"": Aria",5
Angel Of Harlem,5
All My Love,5
All I Want Is You,5
A Sombra Da Maldade,5
A Paz,5
"A Midsummer Night's Dream, Op.61 Incidental Music: No.7 Notturno",5
A Estrada,5
A Cor Do Sol,5
"Étude 1, In C Major - Preludio (Presto) - Liszt",4
We Will Rock You,4
We Are The Champions,4
Warning,4
Waiting,4
Voce e Linda,4
Two Fanfares for Orchestra: II. Short Ride in a Fast Machine,4
Time,4
The Wicker Man,4
The Song Remains The Same,4
"The Nutcracker, Op. 71a, Act II: Scene 14: Pas de deux: Dance of the Prince & the Sugar-Plum Fairy",4
The Mercenary,4
"Symphony No.1 in D Major, Op.25 ""Classical"", Allegro Con Brio",4
"Symphony No. 2, Op. 16 -  ""The Four Temperaments"": II. Allegro Comodo e Flemmatico",4
"Symphony No. 104 in D Major ""London"": IV. Finale: Spiritoso",4
"String Quartet No. 12 in C Minor, D. 703 ""Quartettsatz"": II. Andante - Allegro assai",4
Stormbringer,4
Space Truckin',4
Sozinho,4
Sonata for Solo Violin: IV: Presto,4
Sina,4
Samurai,4
"SCRIABIN: Prelude in B Major, Op. 11, No. 11",4
Runnin' With The Devil,4
Rock & Roll,4
Restless and Wild,4
"Requiem, Op.48: 4. Pie Jesu",4
Real Love,4
"Quintet for Horn, Violin, 2 Violas, and Cello in E Flat Major, K. 407/386c: III. Allegro",4
Quanta (Live),4
"Prometheus Overture, Op. 43",4
Princess of the Dawn,4
Powerslave,4
Plush,4
Phantom Of The Opera,4
"Peer Gynt Suite No.1, Op.46: 1. Morning Mood",4
"Pavan, Lachrimae Antiquae",4
Panis Et Circenses,4
Palco (Live),4
Paint It Black,4
Outshined,4
On A Plain,4
Odara,4
O Que É O Que É ?,4
Not In Portland,4
No Quarter,4
No More Tears,4
New Rhumba,4
"Music for the Funeral of Queen Mary: VI. ""Thou Knowest, Lord, the Secrets of Our Hearts""",4
Murders In The Rue Morgue,4
Moby Dick,4
Missa Papae Marcelli: Kyrie,4
Meu Bem-Querer,4
Man In The Box,4
Madama Butterfly: Un Bel Dì Vedremo,4
Looks That Kill,4
Let Me Love You Baby,4
Leave My Girl Alone,4
Le Sacre Du Printemps: I.iv. Spring Rounds,4
Lanterna Dos Afogados,4
Lady Double Dealer,4
"L'orfeo, Act 3, Sinfonia (Orchestra)",4
Já Foi,4
Johnny B. Goode,4
Jeremy,4
In Bloom,4
Imagine,4
I Can't Explain,4
Hunger Strike,4
Homecoming,4
Grito De Alerta,4
Gimme Some Truth,4
Ghost Of The Navigator,4
Fast As a Shark,4
Fanfare for the Common Man,4
Evenflow,4
Esquinas,4
Eruption,4
"Erlkonig, D.328",4
Drifter,4
Dream Of Mirrors,4
Don't Look Back,4
Die With Your Boots On,4
Coroné Antonio Bento,4
"Concerto for Clarinet in A Major, K. 622: II. Adagio",4
"Concerto for Cello and Orchestra in E minor, Op. 85: I. Adagio - Moderato",4
"Concerto for 2 Violins in D Minor, BWV 1043: I. Vivace",4
"Concerto No.2 in F Major, BWV1047, I. Allegro",4
"Concerto No. 1 in E Major, RV 269 ""Spring"": I. Allegro",4
"Concert pour 4 Parties de V**les, H. 545: I. Prelude",4
Company Man,4
Come Back,4
Come As You Are,4
Changes,4
Celebration Day,4
Canon and Gigue in D Major: I. Canon,4
Brave New World,4
Brasil,4
Branch Closing,4
Blood Brothers,4
Black Hole Sun,4
Açai,4
Ando Meio Desligado,4
Alive,4
Adios nonino,4
"Adagio for Strings from the String Quartet, Op. 11",4
"Act IV, Symphony",4
Aces High,4
A Novidade (Live),4
A Novidade,4
A Luz De Tieta,4
"3 Gymnopédies: No.1 - Lent Et Grave, No.3 - Lent Et Douloureux",4
"24 Caprices, Op. 1, No. 24, for Solo Violin, in A Minor",4
"""Eine Kleine Nachtmusik"" Serenade In G, K. 525: I. Allegro",4
É Uma Partida De Futebol,3
É Preciso Saber Viver,3
Álibi,3
Zé Trindade,3
Zooropa,3
Zoo Station,3
Zither,3
ZeroVinteUm,3
Zero,3
Zambação,3
Your Savior,3
Your Mirror,3
Your Blue Room,3
You've Got It,3
You're Gonna Break My Hart Again,3
You Shook Me(2),3
You Oughta Know (Alternate),3
You Oughta Know,3
You Learn,3
You Could Be Mine,3
You Ain't the First,3
Yesterdays,3
Year to the Day,3
Xote Dos Milagres,3
Xanadu,3
Wrapped Around Your Finger,3
Wooden Jesus,3
Wonderful Tonight,3
With Or Without You,3
Wishing It Was,3
Wind Up,3
Wild Side,3
Wild Hearted Son,3
Wicked Ways,3
Wicked Garden,3
Why Go,3
Whole Lotta Love (Medley),3
Who's Gonna Ride Your Wild Horses,3
White Room,3
White Riot,3
Whistle Stop,3
Whiskey In The Jar,3
Where The Wild Things Are,3
Where The Streets Have No Name,3
Where The River Goes,3
Where Did I Go Wrong,3
When You Gonna Learn (Digeridoo),3
When Two Worlds Collide,3
When The World Was Young,3
When Love & Hate Collide,3
When I Was A Child,3
When I Come Around,3
When Evening Falls,3
"Whatever It Is, I Just Can't Stop",3
What is and Should Never Be,3
What It Takes,3
What A Day,3
Wet My Bed,3
Westwood Moon,3
Were Do We Go From Here,3
Welcome To Paradise,3
Weekend Warrior,3
Wear You To The Ball,3
We Die Young,3
Wasted Years,3
Wasted My Hate,3
Walking on the Moon,3
Walking Into Clarksdale,3
Walking Contradiction,3
Walking After You,3
Walkin' Blues,3
Walk To The Water,3
Walk On Water,3
Wake Up Dead Man,3
Wake Up,3
Waiting On A Sign,3
Wainting On A Friend,3
W.M.A.,3
Vício,3
Vulcão Dub - Fui Eu,3
Vou Pra Ai,3
Voodoo,3
Você,3
Voce Nao Entende Nada - Cotidiano,3
Vivo Isolado Do Mundo,3
Vida Boa,3
Verdade,3
Vento No Litoral,3
Vendedor De Caranguejo (Live),3
Vavoom : Ted The Mechanic,3
Vamos Dançar,3
Vamo Batê Lata,3
Valentino's,3
Vai Valer,3
Vai Passar,3
Vai Adiar,3
Upon A Golden Horse,3
Up In Arms,3
Until The End Of The World,3
Until My Dying Day,3
Until It Sleeps,3
Uns Dias,3
United Colours,3
Undertow,3
Under The Bridge,3
Unchained Melody,3
Um Satélite Na Cabeça,3
Um Passeio No Mundo Livre,3
Um Love,3
Um Indio,3
Um Homem Também Chora (Guerreiro Menino),3
Um Dia Qualquer,3
Um Contrato Com Deus,3
"Um Amor, Um Lugar",3
Ultraviolet (Light My Way),3
Ugly In The Morning,3
Tão Seu,3
Ty Cobb,3
Two Steps Behind [Acoustic Version],3
Twist And Shout,3
Turn The Page,3
Tuesday's Gone,3
Tryin' To Throw Your Arms Around The World,3
Truth Hurts,3
Trupets Of Jericho,3
Travelling Riverside Blues,3
"Trash, Trampoline And The Party Girl",3
Transylvania,3
Transmission,3
Train In Vain,3
Tourette's,3
Top O' The Morning To Ya,3
Too Young To Die,3
Too Much Is Not Enough,3
Too Late Too Late,3
Too Fast For Love,3
"Tonight, Tonight",3
Tommy Gun,3
Today,3
Toda Menina Baiana,3
Toda Cor,3
Times of Trouble,3
Time To Kill,3
Thru And Thru,3
Through The Never,3
Thrill Me,3
Thorn Within,3
This Velvet Glove,3
This Is Radio Clash,3
Thinking 'Bout Tomorrow,3
Think,3
Thief In The Night,3
They're Red Hot,3
There Goes The Neighborhood,3
Theme From The Swan,3
Theme From Let's Go Native,3
The Zoo,3
The Worst,3
The Witch,3
The Winner Loses,3
The Wanderer,3
The Wake-Up Bomb,3
The Wait,3
The Unwritten Law,3
The Unforgiven II,3
The Unforgettable Fire,3
The Unbeliever,3
The Trees,3
The Tower,3
The Three Sunrises,3
The Temples Of Syrinx,3
The Sun Road,3
The Struggle Within,3
The Spirit Of Radio,3
The Small Hours,3
The Show Must Go On,3
The River (Remix),3
The Righteous & The Wicked,3
The Right Thing,3
The Real Problem,3
The Purpendicular Waltz,3
The Prince,3
The Power Of Equality,3
The Playboy Mansion,3
The Outlaw Torn,3
The Other Side,3
The More I See,3
The Messenger,3
The Memory Remains,3
The Magnificent Seven,3
The Last To Know,3
The Last Time,3
The Kids,3
The House Jack Built,3
The Greeting Song,3
The God That Failed,3
The Girl I Love She Got Long Black Wavy Hair,3
The Gentle Art Of Making Enemies,3
The Garden,3
The Fugitive,3
The Four Horsemen,3
The Fly,3
The First Time,3
The Educated Fool,3
The Edge Of Darkness,3
The Deeper The Love,3
The Day I Tried To Live,3
The Cut Runs Deep,3
The Calling,3
The Call Up,3
The Bazaar,3
The Battle Rages On,3
The Aviator,3
The Assassin,3
The Apparition,3
The Angel And The Gambler,3
The Alchemist,3
The Aftermath,3
"Texto ""Verdade Tropical""",3
Texarkana,3
Territorial Pissings,3
Tequila - Lourinha Bombril (Parate Y Mira),3
Tenho Sede,3
Tempo Rei,3
Tempo Perdido,3
Televisão,3
Tears In Heaven,3
Tarde Em Itapoã,3
Talk About Love,3
Take This Bottle,3
Taj Mahal,3
Sítio Do Pica-Pau Amarelo,3
Sábado A Noite,3
Sympton of the Universe,3
"Symphony No. 3 in E-flat major, Op. 55, ""Eroica"" - Scherzo: Allegro Vivace",3
Swing Low Sweet Chariot,3
Sweethearts Together,3
Sweet Leaf,3
Sweet Lady Luck,3
Surfing with the Alien,3
Superstition,3
Supersonic,3
Supernaut,3
Sunshine Of Your Love,3
Sunshine,3
Sunchild,3
Sul Da América,3
Suck On The Jugular,3
Suck My Kiss,3
Sua Impossivel Chance,3
Stuck With Me,3
Strutter,3
Stripsearch,3
Strange Brew,3
Stone Dead Forever,3
Stone Cold Crazy,3
Stir It Up (Live),3
Stillness In Time,3
Still Of The Night,3
Stay Away,3
"Stay (Faraway, So Close!)",3
Stars,3
Staring At The Sun,3
Star A.D.,3
Spoonman,3
Spirit's in the Material World,3
Sparks Will Fly,3
Spank Thru,3
Spanish Eyes,3
Space Trucking,3
Space Cowboy,3
Soul Sacrifice,3
Soul Power (Live),3
Soul Parsifal,3
Soul Education,3
Soon Forgotten,3
Sons Of Freedom,3
Sonifera Ilha,3
Sometimes I Feel Like Screaming,3
Something In The Way,3
Something Got Me Started,3
Something For Nothing,3
Somethin' Else,3
Somebody Stole My Guitar,3
Some Days Are Better Than Others,3
Sombras Do Meu Destino,3
Solução,3
Solitaire,3
Sobremesa,3
So Fine,3
"So Fast, So Numb",3
So Cruel,3
So Beautiful,3
Smooth,3
Smokin' in The Boys Room,3
Smoked Pork,3
Smaller And Smaller,3
Slug,3
Slow Down,3
Slow An' Easy,3
Sliver,3
Slide It In,3
Siva,3
Sister Morphine,3
Sister Awake,3
Sir Psycho Sexy,3
Sincero Breu,3
Sin,3
Signe,3
Shout It Out Loud,3
Shout At The Devil,3
Should I Stay Or Should I Go,3
Shotgun Blues,3
Shock Me,3
Shiny Happy People,3
Shining In The Light,3
She Wears Black,3
She Loves Me Not,3
Shamrocks And Shenanigans (Boom Shalock Lock Boom/Butch Vig Mix),3
Shamrocks And Shenanigans,3
Sex Type Thing,3
Seus Amigos,3
Seu Balancê,3
Set The Ray To Jerry,3
Será,3
Serrado,3
Senhora E Senhor,3
Senhor Delegado/Eu Não Aguento,3
Sem Terra,3
Sem Sentido,3
Sem Essa de Malandro Agulha,3
Selassiê,3
Seis Da Tarde,3
Seek & Destroy,3
See You Tonight,3
See You,3
Seduzir,3
Sea Of Sorrow,3
Se...,3
Se Liga,3
School,3
Scentless Apprentice,3
Scar Tissue,3
Scam,3
"Say It Loud, I'm Black And I'm Proud Pt.1",3
Say Hello 2 Heaven,3
Savior,3
Save Me (Remix),3
Saudosismo,3
Saudade Louca,3
Satch Boogie,3
Sapopemba e Maxambomba,3
Santana Jam,3
Sangue De Bairro,3
Sangrando,3
San Francisco Bay Blues,3
Samidarish [Instrumental],3
Same Ol' Situation,3
Samba pras moças,3
Samba Makossa,3
Samba Do Lado,3
Salutations,3
Salustiano Song,3
Saint Of Me,3
Sabbra Cadabra,3
"Sabbath, Bloody Sabbath",3
Rusty Cage,3
Running On Faith,3
Run to the Hills,3
Run To The Hilss,3
Run Silent Run Deep,3
Rugas,3
Roxanne,3
Rosa's Cantina,3
Ronnie,3
Rollin' And Tumblin',3
Rocket,3
Rock The Casbah,3
Rock Of Ages,3
Rock Bottom,3
Rock 'N' Roll Music,3
Roadrunner,3
Road Trippin',3
Risoflora,3
Rios Pontes & Overdrives,3
Rindo À Toa,3
Right Through You,3
Right On Time,3
Right Now,3
Right Next Door to Hell,3
Ricochet,3
Rhinocerous,3
Revolution 1993,3
Respectable,3
Remote Control,3
Reggae Music,3
Refazenda,3
Refavela (Live),3
Redundant,3
Red Mosquito,3
Rearviewmirror,3
Realword,3
Realce,3
Real Thing,3
Reach Down,3
Rats,3
Rappers Reais,3
Rapidamente,3
Ramshackle Man,3
Rag Doll,3
RV,3
Quilombo Groove [Instrumental],3
Querem Meu Sangue,3
Quem Me Cobrou?,3
Queixa,3
Queimando Tudo,3
Quando Você Voltar,3
Qualquer Coisa,3
Pétala,3
Puteiro Em João Pessoa,3
Put Your Lights On,3
Put Your Head Out,3
Put You Down,3
Put On Your Shit Kickers,3
Pushin Forward Back,3
Purple Stain,3
Pulse,3
Public Enema Number One,3
Prá Dizer Adeus,3
Promises,3
Pristina,3
Prince Charming,3
Primary,3
Primal Scream,3
Pretty Tied Up,3
Pretty Noose,3
Prenda Minha,3
Praiera,3
Pour Some Sugar On Me,3
Poundcake,3
Posso Até Me Apaixonar,3
Porch,3
Porcelain,3
Poor Twisted Me,3
Ponto De Interrogação,3
Polícia (Vinheta),3
Podres Poderes,3
Poconé,3
Plot 180,3
Please Read The Letter,3
Please Please Please,3
Please Mr. Postman,3
Please,3
Playtime,3
Planet Home,3
Piece Of Pie,3
Photograph,3
Persuasion,3
Perfeição,3
Perfect Strangers,3
Perfect Crime,3
Pela Internet (Live),3
Paths Of Glory,3
Parallel Universe,3
Parabolicamará,3
Papel Principal,3
Papeau Nuky Doe,3
Papa's Got A Brand New Bag Pt.1,3
Palhas Do Coqueiro,3
Palco,3
Palavras,3
Pais E Filhos,3
Paga Pau,3
Out Of Tears,3
Out Of Sight,3
Out Of Control,3
Otherside,3
Os Exilados,3
Os Cegos Do Castelo,3
Oprah,3
Opachorô (Live),3
Onibusfobia,3
One Minute Warning,3
One Man's Meat,3
One I Want,3
One For The Road,3
Olhos Coloridos (Com Sandra De Sá),3
Old Love,3
Off He Goes,3
Of Wolf And Man,3
Oceans,3
Oceano,3
O Trem Da Juventude,3
O Pulso,3
O Livro Dos Dias,3
O Leaozinho,3
O Estrangeiro,3
O Encontro De Isaac Asimov Com Santos Dumont No Céu,3
O Cidadão Do Mundo,3
O Bêbado e a Equilibrista,3
O Bicho Tá Pregando,3
Não Vou Me Adaptar,3
Não Vou Lutar,3
Não Vou Ficar,3
Não Sou Mais Disso,3
Não Quero Dinheiro,3
Não Dá Mais Pra Segurar (Explode Coração),3
Numb,3
Now's The Time,3
Now You're Gone,3
Now Sports,3
November Rain,3
Nothingman,3
Nothing To Say,3
Nothing Else Matters,3
Nothin' To Lose,3
Not The Doctor,3
Nos Bailes Da Vida,3
Nobody's Home,3
Nobody Knows You When You're Down & Out,3
No Prayer For The Dying,3
No Memory,3
Night Train,3
Nice Guys Finish Last,3
Neworld,3
New Way Home,3
New Test Leper,3
New Faces,3
Never Say Die,3
Nervosa,3
Nem Um Dia,3
Nem 5 Minutos Guardados,3
Negative Creep,3
Nega Do Cabelo Duro,3
Nebulosa Do Amor,3
Near Wild Heaven,3
Navegar Impreciso,3
Natália,3
Nasty Piece Of Work,3
Naked Sunday,3
Naked In The Rain,3
Naked In Front Of The Computer,3
Na Frente Da TV,3
Música De Trabalho,3
Música Ambiente,3
Mão Na Cabeça,3
Mysterious Ways,3
My Poor Brain,3
My Lovely Man,3
My Hero,3
My Friend Of Misery,3
My Brother,3
Music Of The Wind,3
Mr. Moon,3
Mouth To Mouth,3
Motéis,3
Mother Russia,3
Most High,3
Morning Glory,3
Moon Is Up,3
Monkey Wrench,3
Money's Too Tight To Mention,3
Momma's Gotta Die Tonight,3
Mofo,3
Miséria,3
Miss Sarajevo,3
Minha Fé,3
Millenium,3
Milk It,3
Mil Pedaços,3
Migra,3
Midnight Cowboy,3
Midlife Crisis,3
Miami,3
Meu Guarda-Chuva,3
Metal Meltdown,3
Message in a Bottle (new classic rock mix),3
Message in a Bottle,3
Merry Christmas,3
Mercyful Fate,3
Meninos E Meninas,3
Menino Do Rio,3
Memory Motel,3
Mellowship Slinky In B Major,3
Mel,3
Meia-Lua Inteira,3
Meditação,3
Mean Disposition,3
Me Wise Magic,3
Me In Honey,3
Mateus Enter,3
Mary Jane,3
Marvin,3
Marquis In Spades,3
"Maria, Maria",3
Maria Maria,3
Maracatu De Tiro Certeiro,3
Maracatu Atômico [Trip Hop],3
Maracatu Atômico [Ragga Mix],3
Maracatu Atômico [Atomic Version],3
Maracatu Atômico,3
Manuel,3
Manifest Destiny,3
Man On The Edge,3
Mama Said,3
Malted Milk,3
Malpractice,3
Malandragem,3
Make Love Like A Man,3
Make It Funky Pt.1,3
Magnetic Ocean,3
Madalena,3
Macô,3
Machine Men,3
MFC,3
Luminous Times (Hold On To Love),3
Lugar Nenhum,3
Lua de Ogum,3
Low Man's Lyric,3
Low Desert,3
Loverman,3
"Love, Hate, Love",3
Love Of My Life,3
Love Is The Colour,3
Love Is Strong,3
Love Is Blindness,3
Love In An Elevator,3
Love Gun,3
Love Conquers All,3
Love Comes Tumbling,3
Love Bites,3
Love Ain't No Stranger,3
Lounge Act,3
Losing My Religion,3
Los Pretos,3
Lords of Karma,3
Lord Of The Flies,3
Loosen My Strings,3
Looking For Love,3
Look For The Truth,3
Longview,3
Longe Do Meu Lado,3
Long Tall Sally,3
Lonely Stranger,3
London Calling,3
Locomotive,3
Lixo Do Mangue,3
Living In America,3
Livin' On The Edge,3
Live and Let Die,3
Live With Me,3
Live To Win,3
Lindo Lago Do Amor,3
Lilás,3
Lightning Strikes Twice,3
Light Years,3
Life Line,3
Life Goes On,3
Life During Wartime,3
Lick It Up,3
Let's Get Rocked,3
Let It Grow,3
Lemon,3
Leila,3
Leave,3
Leash,3
Lay Down Sally,3
Last Night On Earth,3
Last Cup Of Sorrow,3
Last Caress/Green Hell,3
Land Of Sunshine,3
La Villa Strangiato,3
La Puesta Del Sol,3
L'Avventura,3
L'Arc En Ciel De Miles,3
Know Your Rights,3
Knocking At Your Back Door,3
Knockin' On Heaven's Door,3
Knockin On Heavens Door,3
Kingston Town,3
King Of Pain,3
King Of Dreams,3
King Nothing,3
King In Crimson,3
Kindergarten,3
Killing Time,3
Killing Floor,3
Kickstart My Heart,3
KKK Bitch,3
Já!!!,3
Just Another Story,3
Just A Man,3
Jump Around (Pete Rock Remix),3
Jump Around,3
Judgement Of Heaven,3
Judgement Day,3
Judas Be My Guide,3
Journey To Arnhemland,3
Journey Into Sunlight,3
Josephina,3
Jorge Da Capadócia,3
Jizzlobber,3
Jingo,3
Jesus Christ Pose,3
Jerusalem,3
Janie's Got A Gun,3
Jaded,3
Jacob's Ladder,3
J.A.R. (Jason Andrew Relva),3
J Squared,3
Ito Okashi,3
It's Too Funky In Here,3
It's Only Love,3
It's Electric,3
It's A Man's Man's Man's World,3
It Ain't Like That,3
Is This Love (Live),3
Is This Love,3
Ironic,3
Iron Man/Children of the Grave,3
Invisible Sun,3
Introdução (Live),3
Interlude Zumbi,3
Insensível,3
Innuendo,3
Infeliz Natal,3
Indios,3
Indifference,3
If You Wear That Velvet Dress,3
If You Have To Ask,3
If You Don't Know Me By Now,3
"If I Like It, I Do It",3
If God Will Send His Angels,3
Ice 9,3
I'm Real,3
I'm Going Slightly Mad,3
I'm A Greedy Man Pt.1,3
I Would Do For You,3
I Will Follow,3
I Was Made For Loving You,3
I Still Love You,3
I Still Haven't Found What I'm Looking For,3
I Shot The Sheriff,3
I Like Dirt,3
I Know Somethin (Bout You),3
I Ka Barra (Your Work),3
I Got You (I Feel Good),3
I Go Wild,3
I Fought The Law,3
I Feel Good (I Got You) - Sossego,3
I Feel Free,3
I Could Have Lied,3
I Can't Stand It,3
I Can't Remember,3
I Can't Quit You Baby(2),3
Há Tempos,3
Há Quanto Tempo,3
Hysteria,3
Hush,3
Humans Being,3
How The West Was Won And Where It Got Us,3
How Many Say I,3
House Of Pain Anthem,3
House Of Love,3
House And The Rising Sun,3
Hot Pants Pt.1,3
Hooks In You,3
Hooked Up,3
Homem Primata (Vinheta),3
Homem Primata,3
Homely Girl,3
Home Sweet Home,3
Home Sick Home,3
Holy Smoke,3
Holier Than Thou,3
Holding Back The Years,3
Hitsville UK,3
Hitchin' A Ride,3
Hip Hop Rio,3
Hill of the Skull,3
Higher Ground,3
"Hey, Johnny Park!",3
Hey Hey,3
Hey Cisco,3
Hey America,3
Hero Of The Day,3
Hereditário,3
Here I Go Again,3
Here I Am (Come And Take Me),3
Hemp Family,3
Heaven Is,3
Heaven Coming Down,3
Heart-Shaped Box,3
Heart of the Night,3
Heart Of Soul,3
Heart In Your Hand,3
Headlong,3
Head Over Feet,3
Have You Ever Needed Someone So Bad,3
Hard Luck Woman,3
Hand In My Pocket,3
Hallelujah Here She Comes,3
Half The Man,3
Half A World Away,3
"Hail, Hail",3
Gyroscope,3
Guess Who's Back,3
Got That Feeling,3
Good Riddance (Time Of Your Life),3
God Of Thunder,3
God Gave Rock 'n' Roll To You,3
Go Back,3
Glorified G,3
Glitter,3
Giz,3
Given To Fly,3
Give It Away,3
"Girls, Girls, Girls",3
Gimmie Shelters,3
Ghandi (Live),3
Get Up Offa That Thing,3
Get Up (I Feel Like Being A) Sex Machine,3
Get Out,3
Get On Top,3
Get On The Good Foot,3
Get In The Ring,3
Geração Coca-Cola,3
Geek Stink Breath,3
Gates Of Urizen,3
Garota Nacional,3
Garden of Eden,3
Garden,3
Futureal,3
Funky Monks,3
Funk Hum,3
Funk De Bamba (Com Fernanda Abreu),3
Fuel,3
From Afar,3
Fried Neckbones And Home Fries,3
Freewill,3
Freedom Of Speech,3
Free Speech For The Dumb,3
Four Walled World,3
Forty Days Instrumental,3
Forty Days (Com DJ Hum),3
Fortuneteller,3
Fortunes Of War,3
Forgiven,3
Fora Da Ordem,3
For Your Babies,3
For Whom The Bell Tolls,3
For Those About To Rock (We Salute You),3
Fool For Your Loving,3
Fly By Night,3
Flores,3
Flor De Lis,3
Flip The Switch,3
Fixxxer,3
Fire in the Hole,3
Fire In The Head,3
Fire In The Basement,3
Finding My Way,3
Filho Maravilha,3
Fell On Black Days,3
Feirinha da Pavuna/Luz do Repente/Bagaço da Laranja,3
Feira Moderna,3
Feel It,3
February Stars,3
Fear Is The Key,3
Fato Consumado,3
Fates Warning,3
Fascinação,3
Faroeste Caboclo,3
Família,3
Faltando Um Pedaço,3
Falling in Circles,3
Falar A Verdade,3
Falamansa Song,3
Faixa Amarela,3
Fairies Wear Boots,3
Fairground,3
Failling,3
F*Ckin' Up,3
Eye,3
Expresso 2222,3
Evil Dick,3
Evidence,3
Everything's Ruined,3
Every Time I Look At You,3
Every Little Thing She Does is Magic,3
Every Breath You Take,3
Everlong,3
Everlasting Love,3
Even Flow,3
Even Better Than The Real Thing,3
Eu Te Devoro,3
Eu Também Quero Beijar,3
Eu E Ela,3
Eu Disse A Ela,3
Eu Apenas Queria Que Voçê Soubesse,3
Etnia,3
Estrela (Live),3
Estranged,3
Esse Cara,3
Esporrei Na Manivela,3
"Espere Por Mim, Morena",3
Esperando Por Mim,3
Esotérico,3
Era Uma Vez,3
Entre E Ouça,3
Entrando Na Sua (Intro),3
Enslaved,3
Enquanto O Mundo Explode,3
Enough Space,3
English Civil War,3
Endless Deep,3
Endgame,3
Encontrar Alguém,3
Emit Remmus,3
Emergency On Planet Earth,3
Emerald,3
Elvis Ate America,3
Electrolite,3
El Farol,3
El Corazon Manda,3
Eduardo E Mônica,3
Eclipse Oculto,3
Echo,3
Eat The Rich,3
Easy,3
Easily,3
Earth Mofo,3
E-Bow The Letter,3
E Vamos À Luta,3
Dust N' Bones,3
Dujji,3
Duende,3
Dude (Looks Like A Lady),3
Drown,3
Dr. Feelgood,3
Downtown,3
Doutor,3
Double Talkin' Jive,3
Don't Tread On Me,3
Don't Stand so Close to Me,3
Don't Stand So Close to Me '86,3
Don't Look To The Eyes Of A Stranger,3
Don't Go Away Mad (Just Go Away),3
Don't Damn Me,3
Don't Cry (Original),3
Don't Cry,3
Domino,3
Domingo,3
Doll,3
Do You Like The Way,3
Do You Have Other Loves?,3
Do You Feel Loved,3
Do The Evolution,3
Divirta-Se (Saindo Da Sua),3
Diversão,3
Dissident,3
Discotheque,3
Disarm,3
Dirty Water Dog,3
Dirty Day,3
Din Din Wo (Little Child),3
Digging The Grave,3
"Diga Lá, Coração",3
Die Die My Darling,3
Didgin' Out,3
Devil's Dance,3
Deuces Are Wild,3
Deuce,3
Detroit Rock City,3
Destitute Illusions,3
Desordem,3
Departure,3
Deeper Underground,3
Deep Waters,3
Deep,3
Dead Horse,3
Dead And Bloated,3
De Ouro E Marfim (Live),3
De La Luz,3
"De Do Do Do, De Da Da Da",3
Dark Side Of The Cog,3
Dark Corners,3
"Danny Boy, Danny Boy",3
Dancing Barefoot,3
Dance Enquanto é Tempo,3
Damage Case,3
Daddy's Gonna Pay For Your Crashed Car,3
Da Lama Ao Caos,3
D Note,3
Cérebro Eletrônico (Live),3
Cure,3
Cuckoo For Caca,3
Crying In The Rain,3
Cryin',3
Crushing Day,3
Crossroads,3
Criança De Domingo,3
Creep,3
Crazy,3
Crash Course In Brain Surgery,3
Crackerman,3
Crack Hitler,3
Country Feedback,3
Corpse (These Chains Are Way Too Long),3
Corpo De Lama,3
Corinna,3
Corduroy,3
Coração Em Desalinho,3
Coração De Estudante,3
Corazon Espinado,3
Copacabana (Live),3
Confusion,3
Confidência,3
Computadores Fazem Arte,3
Comportamento Geral,3
Complete Control,3
Como Estais Amigos,3
Communication Breakdown(3),3
Communication Breakdown(2),3
Commercial 2,3
Commercial 1,3
Comida,3
Começaria Tudo Outra Vez,3
Come And Get Some Of This,3
Coma,3
Com A Perna No Mundo,3
Colibri,3
Cold Sweat,3
Cold Gin,3
Cocaine,3
Closer To The Heart,3
Clash City Rockers,3
Civil War,3
Circles,3
Cigano,3
Cidade,3
Chocolate,3
Childhood's End,3
Child In Time (Son Of Aleric - Instrumental),3
Chico Não Vai na Corimba,3
Cherub Rock,3
Chemical Wedding,3
Chaos-Control,3
Chains Of Misery,3
Cascades : I'm Not Your Lover,3
Carpe Diem Baby,3
Carol,3
Caras Como Eu,3
Caralho Voador,3
Canned Heat,3
Can't Stop Loving You,3
Can't Stand Losing You,3
Can't Get This Stuff No More,3
Camarão que Dorme e Onda Leva,3
Calling Dr. Love,3
Call Of The Wild,3
Call Me a Dog,3
Call Me At Cleo´s,3
Californication,3
Cajueiro,3
Caffeine,3
Cabeça Dinossauro,3
C'est La Vie,3
C'Mon Everybody,3
Bê-a-Bá,3
"Bye, Bye Brasil",3
By-Tor And The Snow Dog,3
Butterfly,3
Burning Up,3
Burden In My Hand,3
Bullet With Butterfly Wings,3
Bringin' On The Heartbreak,3
Bring Your Daughter... To The Slaughter...,3
Bring Your Daughter... To The Slaughter,3
Bring Your Daughter... ...To The Slaughter,3
Bring Me Your Cup,3
Breaking The Girl,3
Breakdown,3
Breadfan,3
Brasília 5:31,3
Brand New Car,3
Brain Stew,3
Bowels Of The Devil,3
Bossa,3
Bora-Bora,3
Book of Hours,3
Book Of Thel,3
Body Count's In The House,3
Body Count Anthem,3
Body Count,3
Bodies,3
Boa Noite,3
Blue Train,3
Blow Your Mind,3
Blow Up The Outside World,3
Blood Sugar Sex Magik,3
Blood On The World's Hands,3
Blood,3
Blitzkrieg,3
Blinded By Rainbows,3
Blind Man,3
Blew,3
Bleeding Me,3
Bleed Together,3
Bleed The Freak,3
Black Night,3
Black Light Syndrome,3
Black Diamond,3
Black Capricorn Day,3
Bittersweet Me,3
Bitter Pill,3
Biruta,3
Binky The Doormat,3
Bichos Escrotos (Vinheta),3
Better Than You,3
Better Man,3
Best Thing,3
Bem Devagar,3
Belong,3
Bell Bottom Blues,3
Beira Mar,3
Been A Son,3
Beach Sequence,3
Be Mine,3
Be Aggressive,3
Bastille Day,3
Bass Trap,3
Basket Case,3
Bankrobber,3
"Band Members Discuss Tracks from ""Revelations""",3
Balls to the Wall,3
Ballot or the Bullet,3
Balada Da Paula,3
Baião Ambiental [Instrumental],3
Baixo Rio,3
Badge,3
Bad Seed,3
Bad Obsession,3
Bad Boy,3
Bad Attitude,3
Bad Apples,3
Bad,3
Back off Bitch,3
Babyface,3
Baby Break It Down,3
Azul Da Cor Do Mar,3
Azul,3
Ava Adore,3
Attitude,3
Atrás Da Verd-E-Rosa Só Não Vai Quem Já Morreu,3
Astronomy,3
Ashes To Ashes,3
Asas,3
As We Sleep,3
As The Years Go by,3
As Dores do Mundo,3
Around The World,3
Army Ants,3
Armageddon It,3
Aquele Abraço,3
Apache Rose Peacock,3
Anya,3
Anthem,3
Antes Das Seis,3
Antene Se,3
Aneurysm,3
Amor De Muito,3
Amazing,3
Amar É Tudo,3
Amanhã Não Se Sabe,3
Am I Evil?,3
"Always With Me, Always With You",3
Always Forever Now,3
Always Be All Right,3
Aloha,3
All Night Thing,3
All I Really Want,3
"Alegria, Alegria",3
Alberta,3
Alarum,3
Ainda É Cedo,3
Ain't My Bitch,3
Agora Que O Dia Acordou,3
Aftermath,3
After Midnight,3
Africa Bamba,3
Afraid,3
Adoled (Ocean),3
Admirável Gado Novo,3
Action,3
Acrobat,3
Ace Of Spades,3
Absolute Zero,3
A World Without Heroes,3
A Via Láctea,3
A Twist In The Tail,3
A Touch Away,3
A Tarde,3
A Sua,3
A Statistic,3
A Small Victory,3
A Rua,3
A Room At The Heartbreak Hotel,3
A New Flame,3
A Melhor Forma,3
A Different Kind Of Blue,3
A Castle Full Of Rascals,3
A Carta,3
A Banda,3
32 Dentes,3
2112 Overture,3
20 Flight Rock,3
"2,000 Man",3
2 X 4,3
2 A.M.,3
1º De Julho,3
1979,3
16 Toneladas,3
14 Years,3
100% HardCore,3
(White Man) In Hammersmith Palais,3
(I Can't Help) Falling In Love With You,3
(Da Le) Yaleo,3
Último Pau-De-Arara,2
Óia Eu Aqui De Novo,2
Óculos,2
É que Nessa Encarnação Eu Nasci Manga,2
É Fogo,2
Água de Beber,2
Água E Fogo,2
Às Vezes,2
À Vontade (Live Mix),2
À Francesa,2
[Untitled],2
[Just Like] Starting Over,2
Zombie Eaters,2
Zeca Violeiro,2
Your Time Has Come,2
Your Soul Today,2
You've Got Another Thing Comin',2
You've Been A Long Time Coming,2
You're What's Happening (In The World Today),2
You're My Best Friend,2
You're Crazy,2
You Sure Love To Ball,2
You Sent Me Flying / Cherry,2
You Really Got Me,2
You Know My Name,2
You Know I'm No Good (feat. Ghostface Killah),2
You Know I'm No Good,2
You Keep On Moving,2
You Got No Right,2
You Fool No One (Alternate Version),2
You Fool No One,2
You Can't Do it Right (With the One You Love),2
You Better You Bet,2
You Are The Everything,2
You Are,2
Yesterday To Tomorrow,2
Yahweh,2
X-9 2001,2
Wrote A Song For Everyone,2
World Wide Suicide,2
World Of Trouble,2
World Leader Pretend,2
Working Class Hero,2
Woodpecker From Mars,2
Won't Get Fooled Again (Full Length Version),2
Women's Appreciation,2
Women In Uniform,2
Woman Is The Nigger Of The World (Ao Vivo),2
Wiser Time,2
Winterlong,2
Wind of Change,2
Wildest Dreams,2
Wild Honey,2
Wild Flower,2
Wide Awake,2
Why Can't This Be Love,2
Whole Lotta Rosie,2
Who'll Stop The Rain,2
Who Wants To Live Forever,2
Who Needs You,2
Who Can It Be Now?,2
Who Are You (Single Edit Version),2
White Rabbit,2
White Feather,2
Whiplash,2
Wherever You May Go,2
Wherever I Lay My Hat,2
Where Have All The Good Times Gone?,2
When The Levee Breaks,2
When My Left Eye Jumps,2
When It's Love,2
When I Look At The World,2
When I Had Your Love,2
Wheels Of Confusion / The Straightener,2
Whatsername,2
Whatever the Case May Be,2
Whatever Gets You Thru the Night,2
What You Are,2
What Now My Love,2
What Kate Did,2
What Is It About Men,2
What Is And What Should Never Be,2
What If I Do?,2
Welcome to the Jungle,2
Wearing And Tearing,2
We've Got To Get Together/Jingo,2
We're Gonna Groove,2
Wave (Vou te Contar),2
Wave (Os Cariocas),2
Waterhole (Expresso Bongo),2
Watching the Wheels,2
Wasted Reprise,2
Warm Tape,2
"War of the Gods, Pt. 2",2
"War of the Gods, Pt. 1",2
War (The Process),2
Wanted Dread And Alive,2
Walter's Walk,2
Wall Of Denial,2
Walking Wounded,2
Walking On The Water,2
Walkin',2
Walkabout,2
Walk On,2
Wake Up Alone,2
Wake Me Up When September Ends,2
W/Brasil (Chama O Síndico),2
Vôo Sobre o Horizonte,2
"Você Passa, Eu Acho Graça (Ao Vivo)",2
Você Fugiu,2
Voce Inteira,2
Vital E Sua Moto,2
Virginia Moon,2
Viradouro,2
Violent Pornography,2
"Vinicius, Poeta Do Encontro",2
Vida De Cachorro,2
Vida Bandida (Ao Vivo),2
Victim Of Change (Live),2
Vertigo,2
Venice Queen,2
Van Diemen's Land,2
Valentine's Day,2
Vai-Vai 2001,2
Vai Trabalhar Vagabundo,2
Us And Them,2
Up Around The Bend,2
Up An' Atom,2
Until We Fall,2
União Da Ilha,2
Universally Speaking,2
Unidos Da Tijuca,2
Unfinished Business,2
Unexpected,2
Unemployable,2
Underwater Love,2
Under The Sun/Every Day Comes and Goes,2
Under Pressure,2
Under My Thumb,2
Unchained,2
Uma Brasileira,2
Um Pro Outro,2
Um Lugar ao Sol,2
Um Homem Chamado Alfredo,2
Um Gosto De Sol,2
Um Certo Alguém,2
Tyrant (Live),2
Two for the Road,2
Two Hearts Beat As One,2
Twice As Hard,2
Twentienth Century Fox,2
Turn You Inside-Out,2
Turbo Lover,2
Tuiuti,2
Tudo Na Mais Santa Paz,2
Tudo Igual,2
Tudo Bem,2
Tucuruvi 2001,2
Três Lados,2
True Believers,2
Trocando Em Miúdos,2
Tricia Tanaka Is Dead,2
TriboTchan,2
Tres Reis,2
Travis Walk,2
Traveling Salesmen,2
Travelin' Band,2
Trastevere,2
Trapped Under Ice,2
Trampled Under Foot,2
Tradição,2
Trac Trac,2
Torn,2
Top Top,2
Too Many Ways (Alternate),2
Too Many Tears,2
Tomorrow's Dream,2
Tombstone Shadow,2
Todo o Carnaval tem seu Fim,2
Todo Mundo Explica,2
Todo Amor Que Houver Nesta Vida,2
Todo Amor (Asas Da Liberdade),2
Toda Forma De Amor,2
To Tame A Land,2
To Live Is To Die,2
Title Song,2
Tired Of You,2
Timothy,2
Times Like These,2
Time Is On My Side,2
Time After Time,2
Tim Tim Por Tim Tim,2
Tightrope,2
Thumbing My Way,2
Throw Away Your Television,2
"Through the Looking Glass, Pt. 2",2
"Through the Looking Glass, Pt. 1",2
Through a Looking Glass,2
Three Minutes,2
This Time Around / Owed to 'G' [Instrumental],2
This Is The Place,2
This Cocaine Makes Me Feel Like I'm On This Song,2
Third Stone From The Sun,2
Think About You,2
Thick & Thin,2
They Can't Take That Away From Me,2
These Colours Don't Run,2
"There's No Place Like Home, Pt. 3",2
"There's No Place Like Home, Pt. 2",2
"There's No Place Like Home, Pt. 1",2
The pleasant pheasant,2
The Zephyr Song,2
The Young Lords,2
The Wrong Child,2
The Worm,2
The Woman King,2
The Wind Cries Mary,2
The Whole Truth,2
The Way You Do To Mer,2
The Wanton Song,2
The Unnamed Feeling,2
The Thing That Should Not Be,2
The Thin Line Between Love & Hate,2
The Star Spangled Banner,2
The Son Also Rises,2
The Shortest Straw,2
The Shape of Things to Come,2
The Seeker,2
The Secret,2
The Saint,2
The Rover,2
The Return,2
The Reincarnation of Benjamin Breeg,2
The Refugee,2
The Real Thing,2
The Rain Song,2
The Prophecy,2
The Prisoner,2
The Pilgrim,2
The Passage,2
The Pan Piper,2
The Other Woman,2
The Other 48 Days,2
The One I Love,2
The Office: An American Workplace (Pilot),2
The Ocean,2
The Nomad,2
The Negotiation,2
The Mule,2
The Moth,2
The Morning After,2
The Miracle,2
The Midnight Special,2
The Merger,2
The Meaning Of The Blues/Lament (Alternate Take),2
The Meaning Of The Blues,2
The Man from Tallahassee,2
The Man With Nine Lives,2
The Man Behind the Curtain,2
The Maids Of Cadiz,2
The Magnificent Warriors,2
The Lost Warrior,2
The Longest Day,2
The Long Patrol,2
The Long Con,2
The Loneliness of the Long Dis,2
"The Living Legend, Pt. 2",2
"The Living Legend, Pt. 1",2
The Lemon Song,2
The Legacy,2
The Last Song,2
The Last Remaining Light,2
The Lady Is A Tramp,2
The Job,2
The Invisible Man,2
The Injury,2
The Initiation,2
The Ides Of March,2
The Hunting Party,2
The House Is Rockin',2
The Hellion,2
The Hard Part,2
The Hand of God,2
The Hammer,2
The Gypsy,2
"The Gun On Ice Planet Zero, Pt. 2",2
"The Gun On Ice Planet Zero, Pt. 1",2
The Green Manalishi,2
The Greater Good,2
The Great Gig In The Sky,2
The Glass Ballerina,2
The Girl From Ipanema,2
The Full Bug,2
The Frayed Ends Of Sanity,2
The Fix,2
The Fire,2
The Finest Worksong,2
The Fight,2
The Fallen Angel,2
The Eye of Jupiter,2
The Everlasting Gaze,2
The End,2
The Economist,2
The Dundies,2
The Duke,2
The Deepest Blues Are Black,2
The Curse,2
The Crystal Ship,2
The Crunge,2
The Coup,2
The Cost of Living,2
The Convict,2
The Convention,2
The Constant,2
The Client,2
The Chase Is Better Than The Catch,2
The Carpet,2
The Call Of Ktulu,2
The Brig,2
The Best Is Yet To Come,2
The Beginning...At Last,2
The Beginning of the End,2
The Begining... At Last,2
The Battle Of Evermore,2
The Awakening,2
The Alliance,2
The 23rd Psalm,2
That's Life,2
Ten Years Gone,2
Tempus Fugit,2
Tempos Modernos,2
Tease Me Please Me,2
Tears Dry On Their Own,2
Tear,2
Tea For One,2
Tatuagem,2
"Tapa Aqui, Descobre Ali",2
Tanto Tempo,2
Tangerine,2
Talkin' 'Bout Women Obviously,2
Talkin Loud and Saying Nothin,2
Talk About The Passion,2
Taking a Break from All Your Worries,2
Take the Celestra,2
Take the Box,2
Take Your Daughter to Work Day,2
Take The Power,2
Take It Or Leave It,2
Take It As It Comes,2
Tabula Rasa,2
Só Tinha De Ser Com Você,2
Só Se For Pelo Cabelo,2
Século XXI,2
Sábado À Noite,2
Sweet Soul Sister,2
Sweet Hitch-Hiker,2
Sweet Child O' Mine,2
Sweet Amber,2
Swedish Schnapps,2
"Suzie-Q, Pt. 2",2
Susie Q,2
Surprise! You're Dead!,2
Superhuman,2
Super Terrorizer,2
Sun King,2
Sun And Steel,2
Summertime,2
Summer Love,2
Suicide Solution (With Guitar Solo),2
Sucker Train Blues,2
Substitute,2
Stuck In A Moment You Can't Get Out Of,2
Stronger Than Death,2
Stratus,2
Strangers In The Night,2
Stranger in a Strange Land,2
Stranger In a Strange Land,2
Strange Kind Of Woman,2
Straight Out Of Line,2
Stone Free,2
Stone Crazy,2
Sting Me,2
Still Loving You,2
Still Life,2
Still,2
Steal Away (The Night),2
Starburst,2
Stand Inside Your Love,2
Stand By My Woman,2
Stand,2
St. Vitus Dance,2
St. Jimmy,2
St. Anger,2
Squeeze Box,2
Springsville (Alternate Take),2
Springsville,2
Spread Your Wings,2
Spirit Walker,2
Spellbound,2
Speed Of Light,2
Speed King,2
Spectacle,2
Special,2
Speak To Me/Breathe,2
Sparrow,2
"Spanish moss-""A sound portrait""-Spanish moss",2
Sozinho (Hitmakers Classic Radio Edit),2
Sozinho (Hitmakers Classic Mix),2
Sozinho (Caêdrum 'n' Bass),2
South Bound Saurez,2
Sound of a Gun,2
Soul Singing,2
Soul Kitchen,2
Soot & Stars,2
Song For Lorraine,2
Soneto Da Separacao,2
Sometimes You Can't Make It On Your Own,2
Sometimes Salvation,2
Something Stupid,2
Something Nice Back Home,2
Somedays,2
Someday Never Comes,2
Someday My Prince Will Come,2
Somebody To Love,2
Some Unholy War,2
Some Kind Of Monster,2
Some Heads Are Gonna Roll,2
Solo-Panhandler,2
Solitary,2
Soldier Side - Intro,2
Soldier Of Fortune,2
Soldado Da Paz,2
Solar,2
Socorro,2
So Por Amor,2
So Central Rain,2
Snowballed,2
Snoopy's search-Red baron,2
Smells Like Teen Spirit (Ao Vivo),2
Slowness,2
Slow Dawn,2
Sleeping Village,2
Sleep On The Sidewalk,2
Slave,2
Six Months Ago,2
Simples,2
Silence the Voices,2
Sick Again,2
Showcase,2
Show Me How to Live (Live at the Quart Festival),2
Show Me How to Live,2
Shoot You In The Back,2
Shoot Me Again,2
Sheer Heart Attack,2
She's A Rebel,2
She'll Never Be Your Man,2
She Talks To Angels,2
She Suits Me To A Tee,2
She Sells Sanctuary,2
She Give Me ...,2
Shape of Things to Come,2
Shape The Sky,2
Shakes and Ladders,2
Shadow on the Sun,2
Sexual Harassment,2
Severed Hand,2
Seventh Son of a Seventh Son,2
Seven Seas Of Rhye,2
Seven Minutes to Midnight,2
Set Me Free,2
Set It Off,2
Será Que Vai Chover?,2
Serenity,2
Sereia,2
Senta A Pua,2
Send Me an Angel,2
Segue O Seco,2
Seek And You Shall Find,2
Secrets,2
Seconds,2
Sea of Madness,2
Se Você Pensa,2
Se Todos Fossem Iguais A Você (Instrumental),2
Scratch-N-Sniff,2
Scar On the Sky,2
Save You,2
Save The Children,2
Save Me,2
Saudosa Maloca,2
Saudade Dos Aviões Da Panair (Conversando No Bar),2
Saturnine,2
Satisfação,2
Satisfaction,2
Sapato 36,2
Sao Lucas 2001,2
Santo Antonio,2
Santa Clara Clareou,2
Sangue Latino,2
Sambassim (dj patife remix),2
Samba da Bençaco,2
Samba Pra Endrigo,2
Samba Em Prelúdio,2
Samba Do Jato,2
Samba De Uma Nota Só (One Note Samba),2
Samba De Orly,2
Samba Da Volta,2
Samba Da Bênção,2
Sam With The Showing Scalp Flat Top,2
Salve Simpatia,2
Salve Nossa Senhora,2
Salgueiro,2
Safety Training,2
Safe and Sound,2
Sad Statue,2
Saber Amar,2
SKA,2
S.O.S.,2
Réu Confesso,2
Run!,2
Run Through The Jungle,2
Ruby Tuesday,2
Rubens,2
Royal Orleans,2
Rosas De Ouro 2001,2
Romaria (Renato Teixeira),2
Romaria,2
Romance Ideal,2
Rollover D.J.,2
Roll Call,2
Rocket Queen,2
Rock You Like a Hurricane,2
Rock On,2
Rock Me,2
Rock Das Aranhas (Ao Vivo) (Live),2
Rock And Roll Is Dead,2
Ro-Que-Se-Da-Ne,2
Riviera Paradise,2
River Song,2
Rita Lee,2
Rise,2
Rime of the Ancient Mariner,2
Rime Of The Ancient Mariner,2
Ride The Lightning,2
Rhythm of Love,2
Revolution,2
Revolta Olodum,2
Revenga,2
Resurrection Joe,2
Resolve,2
Requebra,2
Remember,2
Remedy,2
Relvelation (Mother Earth),2
Releasing The Demons,2
Rehab (Hot Chip Remix),2
Rehab,2
Reggae Tchan,2
Reggae Odoyá,2
Red Light,2
Red House,2
Reboladeira,2
Rebelião,2
Re-Align,2
Razor,2
Rasul,2
Rapture,2
Ramble On,2
Ram It Down,2
Raised By Another,2
Rainmaker,2
Rain Song,2
Rain,2
Radio/Video,2
Radio GA GA,2
Radio Free Aurope,2
Qui Nem Jiló,2
Question!,2
Quest For Fire,2
Quem Mata A Mulher Mata O Melhor,2
Que Maravilha,2
Que Luz É Essa,2
Quase Um Segundo,2
Quadrant,2
Put The Finger On You,2
Purple Haze,2
Purify,2
Purgatory,2
Pura Elegancia,2
Pseudo Silk Kimono,2
Proud Mary,2
Protesto Do Olodum (Ao Vivo),2
Prostituta,2
Product Recall,2
Producer's Cut: The Return,2
Prodigal Son,2
Problem Child,2
Principiando/Decolagem,2
Pretty Persuasion,2
Pretty Baby,2
Preto Damião,2
Pretinha,2
Preciso Ser Amado,2
Preciso Aprender A Ser Só,2
Preciso Apender a Viver Só (Maysa),2
Prazer E Fé,2
Praise,2
Power to the People,2
Pot-Pourri N.º 5,2
Pot-Pourri N.º 4,2
Pot-Pourri N.º 2,2
"Posso Perder Minha Mulher, Minha Mãe, Desde Que Eu Tenha O Rock And Roll",2
Portia,2
Portela,2
Por Você,2
Por Que Será,2
Por Merecer,2
Por Causa De Você,2
Poprocks And Coke,2
Pop Song 89,2
Poor Tom,2
Poofter's Froth Wyoming Plans Ahead,2
Ponta de Areia,2
Poison Eye,2
Poeira,2
Podes Crer,2
Pode Parar,2
Please Don't Touch,2
Play With Fire,2
Play The Game,2
Plan B,2
Pinball Wizard,2
Pilot,2
Pictures Of Lily,2
Pictures Of Home,2
Pick Myself Up,2
Phyllis's Wedding,2
Phoney Smile Fake Hellos,2
Phantom Lord,2
Petits Machins (Little Stuff),2
Pescador de Ilusões,2
Perplexo,2
Perola Negra 2001,2
Performance Review,2
Perfect Circle,2
Pererê,2
Pela Luz dos Olhos Teus (Miúcha e Tom Jobim),2
Pela Luz Dos Olhos Teus,2
Peace On Earth,2
País Tropical,2
Payin' Them Dues Blues,2
Paula E Bebeto,2
Pau-De-Arara,2
"Past, Present, and Future",2
Paschendale,2
Paris On Mine,2
Parasite,2
Paradise City,2
Parachutes,2
Para Lennon E McCartney,2
Par Avion,2
Papelão,2
Panama,2
Palavras Ao Vento,2
Paisagem Na Janela,2
Pagan Baby,2
Padre Cícero,2
P.S.Apareça,2
Ozone Baby,2
Overtime,2
Overdrive,2
Overdose,2
Over The Hills And Far Away,2
Over And Out,2
Over Again,2
Outra Vez,2
Outlaws,2
Outbreak,2
Out of the Shadows,2
Out Ta Get Me,2
Out On The Tiles,2
Out Of The Silent Planet,2
Out Of Exile,2
Otay,2
Os Alquimistas Estão Chegando,2
Orion,2
Original Of The Species,2
Original Fire,2
Orientation,2
Oração,2
Orange Crush,2
Opus No.1,2
Only the Good Die Young,2
Only A Dream In Rio,2
One of Us,2
One of Them,2
One and the Same,2
One Vision,2
One Step Closer,2
One Step Beyond,2
One Giant Leap,2
Onde Anda Você,2
On The Run,2
On The Mend,2
On Mercury,2
On Fire,2
"Olodum, A Banda Do Pelô",2
Olodum - Smile (Instrumental),2
Olodum - Alegria Geral,2
Old School Hollywood,2
"Oi, La",2
"Oh, My Love",2
Office Olympics,2
October Song,2
Occupation / Precipice,2
OAM's Blues,2
O Último Romântico (Ao Vivo),2
O Xote Das Meninas,2
O Velho E Aflor,2
O Segundo Sol,2
O Segredo Do Universo,2
O Que Vai Em Meu Coração,2
O Que Será (À Flor Da Terra),2
O Que Me Importa,2
O Misterio do Samba,2
O Mestre-Sala dos Mares,2
O Dia Em Que A Terra Parou,2
O Braço Da Minha Guitarra,2
O Boto (Bôto),2
O Beco,2
O Amor Nao Sabe Esperar,2
O Amor Daqui De Casa,2
Nós (Ao Vivo),2
Não Sei O Que Eu Quero Da Vida,2
Não Deixe O Samba Morrer - Cassia Eller e Alcione,2
Numbers,2
Now I'm Here,2
Nothing to Hide,2
Nothing Left to Say But Goodbye,2
Nothing But Love,2
Nosso Adeus,2
Nossa Gente (Avisa Là),2
Norwegian Wood,2
Noite Negra,2
Noite Do Prazer,2
Nobody's Fault But Mine,2
Nobody Told Me,2
No Way Back,2
No Such Thing,2
No Sign of Yesterday,2
No Remorse,2
No One Like You,2
No One Came,2
No No No,2
No More Lies,2
No Good Without You,2
No Futuro,2
No Fundo Do Quintal Da Escola,2
No Clima,2
No Bone Movies,2
Nightrain,2
Night Time Is The Right Time,2
Night Of The Long Knives,2
Night Flight,2
Nico,2
"New York, New York",2
New York,2
New Love,2
New Frontier,2
Never Before,2
Nene 2001,2
Negócio É,2
Nefertiti,2
Naquele Dia,2
Na Ladeira,2
Na Cadência Do Samba,2
Música Urbana 2,2
Música No Ar,2
Mãe Terra,2
Mágica,2
Mystic Man,2
My Way,2
My Time After Awhile,2
My Ship,2
My Mistake,2
My Michelle,2
My Melancholy Blues,2
My Love,2
My Kind Of Town,2
My Generation,2
My Funny Valentine (Live),2
My Bridges Burn,2
My Baby Left Me,2
Muçulmano,2
Murder On the Rising Star,2
Mundaréu,2
Mun-Ra,2
Mulher Carioca,2
"Muita Estrela, Pouca Constelação",2
Muita Bobeira,2
Muffin Man,2
Mr. Crowley,2
Mr. Cab Driver,2
Mr. Brownstone,2
Mr Funk Samba,2
Move On,2
Motorbreath,2
Mother's Little Helper,2
Mother,2
Moth,2
Morro Da Casa Verde 2001,2
Morning Dance,2
Morena De Angola,2
Moonchild,2
Moon germs,2
Moon River,2
Montsegur,2
Momentos Que Marcam,2
Molina,2
Mocidade Alegre 2001,2
Mocidade,2
Mistério da Raça,2
Misty Mountain Hop,2
Mistreated (Alternate Version),2
Mistreated,2
Mis Penas Lloraba Yo (Ao Vivo) Soy Gitano (Tangos),2
Miracle To Me,2
Miracle Drug,2
Miracle,2
Minority,2
Minor Thing,2
Minha Namorada,2
Minha Historia,2
Minha Gata,2
Minas,2
Miles Runs The Voodoo Down,2
Miles Ahead,2
Midnight From The Inside Out,2
Midnight Blue,2
Midget,2
Michael's Birthday,2
Meu Refrigerador Não Funciona,2
Meu Pranto Rolou,2
Meu Mundo Fica Completo (Com Você),2
Meu Caro Amigo,2
Metrô. Linha 743,2
Metal Militia,2
Mensagen De Amor (2000),2
Mensagem,2
Menino do Rio,2
Menino De Rua,2
Menina Sarará,2
Menina Bonita,2
Menestrel Das Alagoas,2
Melô Do Marinheiro,2
Meet Kevin Johnson,2
Medo De Escuro,2
Me Liga,2
Me Deixas Louca,2
Me & Mr. Jones,2
Maybe I'm A Leo,2
May This Be Love,2
Maternity Leave,2
Mata Virgem,2
Mas Que Nada,2
Marker In The Sand,2
Marina (Dorival Caymmi),2
Maria Rosa,2
Maria Fumaça,2
Maria,2
Maraçá,2
Maquinarama,2
Manic Depression,2
Mangueira,2
"Man of Science, Man of Faith (Premiere)",2
Man With The Woman Head,2
Man Or Animal,2
"Mama, I'm Coming Home",2
Mama Africa,2
Maluco Beleza,2
Make Me Believe,2
Magic Bus,2
Magamalabares,2
Maelstrom,2
Madagáscar Olodum,2
Macy's Day Parade,2
Mack The Knife,2
Lá Vem O Sol (Here Comes The Sun),2
Luis Inacio (300 Picaretas),2
Lucky 13,2
Loving You Sunday Morning,2
Loving You Is Sweeter Than Ever,2
Loving The Alien,2
Loves Been Good To Me,2
Love Rescue Me,2
Love Removal Machine,2
Love Or Confusion,2
Love Me Like A Reptile,2
Love Me Darlin',2
Love Is a Losing Game,2
Love Is Blind,2
Love Don't Mean a Thing,2
Love Comes,2
Love Child,2
Love Boat Captain,2
Love And Peace Or Else,2
Love And Marriage,2
Love,2
Lourinha Bombril,2
Loud Love,2
Lost in Hollywood,2
Lost Survival Guide,2
"Lost Planet of the Gods, Pt. 2",2
"Lost Planet of the Gods, Pt. 1",2
Lost My Better Half,2
"Lost (Pilot, Part 2)",2
"Lost (Pilot, Part 1) [Premiere]",2
Losfer Words,2
Lords Of The Backstage,2
Lord of Light,2
Lookin' Out My Back Door,2
Lookin' For A Reason,2
Look What You've Done,2
Long As I Can See The Light,2
Lonely As You,2
Lodi,2
Lockdown,2
Livre Pra Viver,2
Living Wreck,2
Living On Love,2
Living Loving Maid (She's Just A Woman),2
Living After Midnight,2
"Live Together, Die Alone, Pt. 2",2
"Live Together, Die Alone, Pt. 1",2
Little Linda,2
Little Guitars (Intro),2
Little Guitars,2
Little Dreamer,2
Little Church (Live),2
Linha de Passe (João Bosco),2
Linha Do Horizonte,2
Lil' Evil,2
Like a Stone,2
Like A Song...,2
Like A Bird,2
Ligia,2
Light My Way,2
Light My Fire,2
Life Wasted,2
Lickin',2
Levada do Amor (Ailoviu),2
Letterbomb,2
Let's Spend The Night Together,2
Let's See Action,2
Let's Get It Up,2
Let There Be Rock,2
Let Me Off Uptown,2
Let Love Rule,2
Leper Messiah,2
Lemon Drop,2
Leila (Venha Ser Feliz),2
Left Behind,2
Leave Us Leap,2
Leandro De Itaquera 2001,2
Lazy Gun,2
Lazy,2
Lavender,2
Lavadeira,2
Latinha de Cerveja,2
Last Chance,2
Lamento Sertanejo,2
Lamento De Carnaval,2
Lament,2
Laguna Sunrise,2
Lady Luck,2
La Bella Luna,2
LOST Season 4 Trailer,2
LOST In 8:15,2
L.A. Is My Lady,2
Kite,2
Kir Royal,2
Killing Birds,2
Killer Queen,2
Keep It To Myself (Aka Keep It To Yourself),2
Kayleigh,2
Kashmir,2
Juventude Transviada (Ao Vivo),2
Just Friends,2
Just Ain't Good Enough,2
Jungle Drums,2
Jump In The Fire,2
Jump,2
Jubilee,2
Juazeiro,2
Journeyman,2
Join Together,2
Ji Yeon,2
Jewel of the Summertime,2
Jesus Of Suburbia / City Of The Damned / I Don't Care / Dearly Beloved / Tales Of Another Broken Home,2
Jeru,2
Jeito Faceiro,2
Jeepers Creepers,2
Jean Pierre (Live),2
Jealous Guy,2
Jamie's Cryin',2
Jailbait,2
Jah Seh No,2
It's a Mistake,2
It's The End Of The World As We Know It (And I Feel Fine),2
It's So Easy,2
It's Late,2
It's Just A Thought,2
It's A Hard Life,2
It's A Bitter Pill To Swallow,2
It Was A Very Good Year,2
It Doesn't Matter,2
It Came Out Of The Sky,2
It Ain't Over 'Til It's Over,2
Isolation,2
Iron Man,2
Ipiranga 2001,2
Invisible Kid,2
Invaders,2
Intruder,2
Intro/ Low Down,2
Intro- Churchill S Speech,2
Intro / Stronger Than Me,2
Into The Light,2
Into The Fire,2
Instinto Colectivo,2
Instant Karma,2
Inside Job,2
Innocent Exile,2
Inject The Venom,2
Infinite Dreams,2
In Your Honor,2
In Time,2
In The Light,2
In The Evening,2
In My Time Of Dying,2
In My Bed,2
In A Little While,2
Império Serrano,2
Imperatriz,2
Imagination,2
Illegal I Song,2
Idolatrada,2
Ice Cream Man,2
I've Got You Under My Skin,2
I'm The Toughest,2
I'm The One,2
I'm Losing You,2
I'm Gonna Crawl,2
I'm Coming Virginia,2
I'm A Boy,2
I am the Highway,2
I Wish It Would Rain,2
I Want To Break Free,2
I Want It All,2
I Still Haven't Found What I'm Looking for,2
I Stand Alone,2
I Remember California,2
I Put A Spell On You,2
I Need Love,2
I Looked At You,2
I Heard Love Is Blind,2
I Heard It Through The Grapevine,2
I Guess You're Right,2
I Get A Kick Out Of You,2
I Fucking Hate You,2
I Don't Wanna Be Kissed (By Anyone But You) (Alternate Take),2
I Don't Wanna Be Kissed (By Anyone But You),2
I Don't Live Today,2
I Don't Know What To Do With Myself,2
I Do,2
I Could Die For You,2
I Can See For Miles,2
I Belong To You,2
I Believe,2
I Am Mine,2
I Am,2
Hypnotize,2
Hyperconectividade,2
How to Stop an Exploding Man,2
How High The Moon,2
Houses Of The Holy,2
House of the Rising Sun,2
Hots On For Nowhere,2
Hot Rockin',2
Hot Girl,2
Hot Dog,2
Honolulu,2
Homecoming / The Death Of St. Jimmy / East 12th St. / Nobody Likes You / Rock And Roll Girlfriend / We're Coming Home Again,2
Holy Man,2
Holiday,2
Hold On,2
Hit The Lights,2
Hiros,2
Highway Star,2
Highway Chile,2
High Head Blues,2
High Ball Shooter,2
Hey Tonight,2
Hey Joe,2
Hero,2
Here's To The Atom Bomb,2
Helter Skelter,2
Help Yourself,2
Help Help,2
Hello Mary Lou,2
Hell Ain't A Bad Place To Be,2
Hell,2
Heliopolis,2
Heavy Love Affair,2
Heaven's Dead,2
Heaven Help,2
Hearts and Minds,2
Heartland,2
Heart Of Stone,2
Heart Of Lothian: Wide Boy / Curtain Call,2
Heart Of Gold,2
Health Care,2
Headspace,2
Heading Out To The Highway (Live),2
He Can Only Hold Her,2
Hawkmoon 269,2
Have You Ever Seen The Rain?,2
Have It All,2
Hats Off To (Roy) Harper,2
Hard To Handle,2
Hard Lovin' Man,2
Happy Trails,2
Happy Jack,2
Hang 'Em High,2
Hands All Over,2
Hammer To Fall,2
Halo,2
Halloween,2
Hallowed Be Thy Name (Live) [Non Album Bonus Track],2
Hairshirt,2
Guanabara,2
Grow Old With Me,2
Groovus Interruptus,2
Grief Counseling,2
"Greetings from Earth, Pt. 2",2
"Greetings from Earth, Pt. 1",2
Green River,2
Green Grow The Rushes,2
Green Disease,2
Greatest Hits,2
Greasy Grass River,2
Grande Rio,2
Gran Circo,2
Grace,2
Gota D'água,2
Goodbye To Romance,2
Good Times Bad Times,2
Good Old-Fashioned Lover Boy,2
Gonna Keep On Tryin' Till I Win Your Love,2
Gonna Give Her All The Love I've Got,2
Going Down / Highway Star,2
God Part II,2
God,2
Go West,2
Go Down,2
Give Peace a Chance,2
Give Me Novacaine,2
Give Me Love,2
Girl From A Pawnshop,2
Girassol,2
Ghosts,2
Ghost,2
Gettin' Tighter,2
Getaway Car,2
Get What You Need,2
Get Up,2
Get Right,2
Get On The Snake,2
Get Off Of My Cloud,2
Get My Hands On Some Lovin',2
Get Me Outta Here,2
"Get Down, Make Love",2
Geração Coca-Cola (Ao Vivo),2
Geni E O Zepelim,2
Genghis Khan,2
Genesis,2
Generique,2
Gay Witch Hunt,2
Gavioes 2001,2
Gates Of Tomorrow,2
Gatas Extraordinárias,2
Gasoline,2
Garotas do Brasil,2
Garota de Ipanema (Dick Farney),2
Gangland,2
Gallows Pole,2
Férias,2
"Fé Cega, Faca Amolada",2
Further Instructions,2
Funky Piano,2
Funk de Bamba,2
Fullgás,2
From Out Of Nowhere,2
Friends Will Be Friends,2
Friends,2
Friend Of A Friend,2
Freewheel Burning,2
Freestyle Love,2
Freedom For My People,2
Free Me,2
Frantic,2
Foxy Lady,2
Four Sticks,2
Fotografia,2
Fortunate Son,2
Forró De Tóquio,2
Formosa,2
Formigueiro,2
For the Greater Good of God,2
For Your Life,2
For Once In My Life,2
Fools,2
Fool In The Rain,2
Folhas Secas,2
Fogo De Palha,2
Fly Me To The Moon,2
Fly Away,2
Flower,2
Flor Do Futuro,2
Flight Of The Rat,2
Flight Of The Icarus,2
Flight Of Icarus,2
Flashes Before Your Eyes,2
Flash of The Blade,2
Flash,2
Five Years Gone,2
First Time I Met The Blues,2
Fireball,2
Fire Woman,2
Fire In Space,2
Fire Fire,2
Fire + Water,2
Fire,2
Finally Forever,2
Fight From The Inside,2
Fight Fire With Fire,2
Fica,2
Felicidade Urgente,2
Feel Your Love Tonight,2
Fat Bottomed Girls,2
Fast And Loose,2
Faraó Divindade Do Egito,2
Fallout,2
Falling To Pieces,2
Fall To Pieces,2
Fall On Me,2
Falando De Amor,2
Fade To Black,2
Faceless,2
Face In The Sand,2
FX,2
F**k Me Pumps,2
Eye Of The Beholder,2
Extraordinary Girl,2
Extra,2
Exposé,2
Exploder,2
Experiment In Terra,2
"Exodus, Pt. 2",2
"Exodus, Pt. 1",2
Exodus (Part 3) [Season Finale],2
Exodus (Part 2) [Season Finale],2
Exodus (Part 1),2
Evil Woman,2
Evil Ways,2
Evil Walks,2
Everything I Need,2
Everybody Hates Hugo,2
Every Man for Himself,2
Eu Vim Da Bahia - Live,2
Eu Sou Neguinha (Ao Vivo),2
Eu So Queria Sumir,2
Eu Amo Você,2
Esta É A Canção,2
Essa Moça Ta Diferente,2
Esperando Na Janela,2
Escape,2
Equinocio,2
Equal Rights Downpresser Man,2
Epic,2
Enter 77,2
Enquanto O Dia Não Vem,2
Engenho De Dentro,2
End Over End,2
End Of The Night,2
End Of Romanticism,2
Emergency,2
Email Surveillance,2
Elza,2
Elevation,2
Electric Eye,2
Eleanor Rigby,2
Ela Disse Adeus,2
Ela Desapareceu,2
Ego Tripping Out,2
Eggtown,2
Edie (Ciao Baby),2
Edge Of The World,2
Eclipse,2
E.S.P.,2
E.C.T.,2
Dyers Eve,2
Dwight's Speech,2
Duelists,2
Drum Boogie,2
Drug Testing,2
Drowning Man,2
Drown Me Slowly,2
Driver 8,2
Dreams,2
Dr. Heckyll & Mr. Jive,2
Down by the Sea,2
Down Under,2
Down On The Corner,2
Down By The Seaside,2
Dosed,2
Dona (Roupa Nova),2
Don't You Cry,2
Don't Take Your Love From Me,2
Don't Stop Me Now,2
Don't Look Now,2
Don't Lie To Me,2
Don't Go Back To Rockville,2
Don't Forget Me,2
Dois Índios,2
"Dois Pra Lá, Dois Pra Cá",2
Dog Eat Dog,2
Doesn't Remind Me,2
Doce De Carnaval (Candy All),2
Do what cha wanna,2
Do Nosso Amor,2
Do No Harm,2
Do It For The Kids,2
Diwali,2
Diversity Day,2
Distractions,2
Distance,2
Disposable Heroes,2
Disenchanted Lullaby,2
Disc Jockey Jump,2
Disappearing Act,2
Dirty Window,2
Dirty Love,2
Dirty Little Thing,2
Dirty Hands,2
Dindi (Dindi),2
"Dig-Dig, Lambe-Lambe (Ao Vivo)",2
Different World,2
Diamonds And Rust (Live),2
Diamante De Mendigo,2
Deus Ex Machina,2
Deus,2
Despertar,2
Desculpe Babe,2
Desaforo,2
Desafinado,2
Denúncia,2
Demorou!,2
Deixa Entrar,2
Deixa,2
Dee,2
Debra Kadabra,2
Dealer,2
Dead And Broken,2
De Noite Na Cama,2
De Ja Vu,2
Dave,2
Darlene,2
Dança Da Solidão,2
Daniela,2
Dandelion,2
Dancin´Days,2
Dancing In The Street,2
Dancing Days,2
Dance the Night Away,2
Dance Of Death,2
Dance,2
Damage Inc.,2
DOA,2
D.O.C.,2
D'Yer Mak'er,2
Cérebro Eletrônico,2
Cuyahoga,2
Custard Pie,2
Cursed Diamonds,2
Cuitelinho,2
Cucamonga,2
Cuando Eu For Pro Ceu,2
Cuando A Noite Vai Chegando,2
Crystal Ball,2
Cry For Love,2
Crumbs From Your Table,2
"Crossroads, Pt. 2",2
"Crossroads, Pt. 1",2
Crossfire,2
Cropduster,2
Cristina Nº 2,2
Crazy Little Thing Called Love,2
Cotton Fields,2
Cotidiano N 2,2
Cosmic Fiend,2
Coronation Drop,2
Cornucopia,2
Corcovado (Quiet Nights Of Quiet Stars),2
Coração do Agreste (Fafá de Belém),2
Construção / Deus Lhe Pague,2
Conflict Resolution,2
Confirmed Dead,2
Confidence Man,2
Condição,2
Conciliação,2
Compulsion,2
Compadre,2
Como É Duro Trabalhar,2
Commotion,2
Coming In Hot,2
Começaria Tudo Outra Vez (Maria Creuza),2
Come Fly With Me,2
Come Around Again,2
Comatose,2
Com Açúcar E Com Afeto,2
Collaborators,2
Cold Turkey,2
Cold Hard Bitch,2
Cold Day In The Sun,2
Cocktails,2
Cochise,2
City Of Blinding Lights,2
Cinema Mudo,2
Cigaro,2
Chão de Giz (Elba Ramalho),2
Chão De Estrelas,2
Chuva No Brejo,2
Christmas Party,2
Choramingando,2
Children of the Damned,2
Children Of The Grave,2
Children Of The Damned,2
Childhoods End?,2
Child In Time,2
Chega no Suingue,2
Charles Anjo 45,2
Chapa o Coco,2
Caçador de Mim (Sá & Guarabyra),2
Caxangá,2
Caught Somewhere in Time,2
Catimbo,2
Cathedral,2
Catch-22,2
Caso Você Queira Saber,2
Casino Night - Season Finale,2
Casinha Feliz,2
Casa no Campo,2
Casa,2
Cartao Postal,2
Carta Ao Tom 74,2
Carouselambra,2
Carolina Hard-Core Ecstasy,2
Carnival Of Sorts,2
Carimbo,2
Caprichosos,2
Canção Noturna,2
Canção Do Novo Mundo,2
Canário Do Reino,2
Canto De Ossanha,2
"Canta, Canta Mais",2
Candy Store Rock,2
Can't Stop,2
Can't Keep,2
Can't Get You Off My Mind,2
Can't Get There From Here,2
Can You See Me,2
Camisa Verde 2001,2
Cafezinho,2
Cada Um Cada Um (A Namoradeira),2
Cabron,2
Cabin Fever,2
C.O.D.,2
Bye Bye Blackbird,2
By The Way,2
Business School,2
Bushleager,2
Bush Doctor,2
Busca Vida,2
Burn Away,2
Burn,2
Bumbo Da Mangueira,2
Bullet The Blue Sky,2
Buk-In-Hamm Palace,2
Brumário,2
Bron-Yr-Aur,2
Bron-Y-Aur Stomp,2
Broken City,2
Bring'em Back Alive,2
Bring It On Home,2
Brighter Than a Thousand Suns,2
Brejo Da Cruz,2
Breathe,2
Breakthru,2
Breaking The Rules,2
Breaking The Law (Live),2
Break on Through,2
Brain Damage,2
Boys and Girls,2
Boulevard Of Broken Dreams,2
Borogodo,2
Born to Run,2
Born To Move,2
Born To Booze,2
Born On The Bayou,2
Boris The Spider,2
Bored To Tears,2
Bop Boogie,2
Booze Cruise,2
Boogie With Stu,2
Boogie Blues,2
Bonzo's Montreux,2
Bohemian Rhapsody,2
Blues For Pablo (Alternate Take),2
Blues For Pablo,2
Blues Da Piedade,2
Blue Rythm Fantasy,2
Bloodsucker,2
Blood In The Wall,2
Blissed & Gone,2
Blind Curve: Vocal Under A Bloodlight / Passing Strangers / Mylo / Perimeter Walk / Threshold,2
Blanco,2
Blackened,2
Black Velveteen,2
Black Satin,2
Black Mountain Side,2
Black Moon Creeping,2
Black Country Woman,2
Bitter Suite: Brief Encounter / Lost Weekend / Blue Angel,2
Bite The Bullet,2
Billie Jean,2
Big Wave,2
Big Machine,2
Big City Nights,2
Big Bad Bill (Is Sweet William Now),2
Bicycle Race,2
Better Halves,2
Best Of You,2
Berlim,2
Berimbau,2
Ben Franklin,2
Bem Leve,2
Believer,2
Believe in Love,2
Beijo do Olhar,2
Beijo Partido,2
Beija-Flor,2
Beija Eu,2
Behind The Wall Of Sleep,2
Because You Are,2
Beautiful Day,2
Beautiful Boy,2
Beach Games,2
Be Yourself,2
Be Good Johnny,2
Battlestar Galactica: The Story So Far,2
"Battlestar Galactica, Pt. 3",2
"Battlestar Galactica, Pt. 2",2
"Battlestar Galactica, Pt. 1",2
Battery,2
Bate Lata,2
Batalha Naval,2
Bat Macumba,2
Basketball,2
Bark at the Moon,2
Banho De Lua,2
"Baltimore, DC",2
Baltar's Escape,2
Balanço,2
Balada Do Louco,2
Balada Do Amor Inabalável,2
Baião Da Penha,2
"Bad, Bad Leroy Brown",2
Bad Moon Rising,2
Bad Boy Boogie,2
Back to Black,2
Back in the Village,2
Back from Vacation,2
Back Door Man,2
Baby,2
Babe I'm Gonna Leave You,2
Baba O'Riley,2
B.Y.O.B.,2
Aviso Aos Navegantes,2
Avisa,2
Até Que Enfim Encontrei Você,2
Atrás da Porta,2
Atrás Do Trio Elétrico,2
Atras Da Porta,2
Atomic Punk,2
Assum Preto,2
Assim Caminha A Humanidade,2
Assaltaram A Gramática,2
Ashes And Ghosts,2
Asa Branca,2
As Tears Go By,2
As Rosas Não Falam (Beth Carvalho),2
As Profecias,2
As Pegadas Do Amor,2
As Aparências Enganam,2
Arrepio,2
Army Reserve,2
Arms Around Your Love,2
Armadura,2
Are You Gonna Go My Way,2
Are You Gonna Be My Girl,2
Are You Experienced?,2
Are We The Waiting,2
Arc,2
Aquilo,2
Aquarela (Toquinho),2
Aprendendo A Jogar,2
Apesar De Você,2
Aos Leões,2
Aonde Quer Que Eu Va,2
Ao Meu Redor,2
"Anyway, Anyhow, Anywhere",2
Anything Goes,2
Anyone's Daughter,2
Any Colour You Like,2
Another Round,2
Another One Bites The Dust,2
Another Life,2
Angela,2
And the Cradle Will Rock...,2
Amy Amy Amy (Outro),2
Amor Demais,2
American Woman,2
American Idiot,2
American Gothic,2
Amanda,2
"Alô, Alô, Marciano",2
Alô Alô Marciano,2
Always On The Run,2
All the Best Cowboys Have Daddy Issues,2
All or None,2
All Within My Hands,2
All Star,2
All My Life,2
All For You,2
"All Dead, All Dead",2
All Because Of You,2
All Along The Watchtower,2
Alice,2
Ali,2
Alexander the Great,2
Alcohol,2
Alagados,2
Alabama Song,2
Ainda Lembro,2
Ain't Talkin' 'bout Love,2
Ain't Talkin' 'Bout Love,2
Aguia De Ouro 2001,2
Age Of Innocence,2
Again,2
Aeroplane Flies High,2
Advance Romance,2
Adrift,2
Adeus,2
Achilles Last Stand,2
Acacia Avenue,2
Abrir A Porta,2
"Abraham, Martin And John",2
Abandoned,2
A.N.D.R.O.T.A.Z.,2
A Última Guerra,2
A Volta Da Asa Branca,2
A Tale of Two Cities,2
A Noite Do Meu Bem,2
A Moça e a Chuva,2
A Menina Dança,2
A Measure of Salvation,2
A Man And A Woman,2
A Kind Of Magic,2
A Festa Do Santo Reis,2
A E O Z,2
A Day In the Life,2
A Cura,2
"A Benihana Christmas, Pts. 1 & 2",2
A Bencao E Outros,2
51st Anniversary,2
5.15,2
22 Acacia Avenue,2
200 Years Old,2
1° De Julho,2
19th Nervous Breakdown,2
13 Years Of Grief,2
1/2 Full,2
09 - Iron Maiden,2
08 - Charlotte the Harlot,2
07 - Strange World,2
06 - Transylvania,2
05 - Phantom of the Opera,2
04 - Running Free,2
03 - Remember Tomorrow,2
02 - Sanctuary,2
01 - Prowler,2
.07%,2
...In Translation,2
...And Justice For All,2
...And Found,2
(Wish I Could) Hideaway,2
(We Are) The Road Crew,2
(There Is) No Greater Love (Teo Licks),2
(Oh) Pretty Woman,2
(Anesthesia) Pulling Teeth,2
'Round Midnight,2
#9 Dream,2
#1 Zero,2
"""?""",2
"""40""",2
